,Student Name,Coach,Current Level,Lichess ID,classical_games,rapid_games,classical_points,rapid_points,total_points
229,Pratish,Sathyagiri,Level 2B,Pratish_29,25.0,1134.0,1250.0,11340.0,12590.0
16,Dhiren Nath,Bala Prashanth,Level 3,dhirennath,145.0,184.0,7250.0,1840.0,9090.0
300,Vaseekaran.M,Arun Kumar,Level 3,VaseeNandha,142.0,134.0,7100.0,1340.0,8440.0
59,Aditya Alladi,Pragadeesh,Level 3,AdityaAlladi,85.0,301.0,4250.0,3010.0,7260.0
102,A.R.Dashwanth,Gowtham,Level 2C,Dashwanth_AR,103.0,78.0,5150.0,780.0,5930.0
82,S. Sai Sarvesh,Venugopal,Level 3,VVM11355,92.0,108.0,4600.0,1080.0,5680.0
309,S Thanigaidev,Achaya,Level 2A,ThanigaibDev,91.0,93.0,4550.0,930.0,5480.0
54,Satveer,Pankaj,Level 2C,Dreaxo_777,72.0,151.0,3600.0,1510.0,5110.0
252,Deepak Gopi,Dhithrabrata Kundu,Level 2C,Deepakgopi,64.0,108.0,3200.0,1080.0,4280.0
93,Ridesh,Koushik Muthesh,Level 2C,Ridesh2017,30.0,268.0,1500.0,2680.0,4180.0
32,Guru Prasad,Arun Kumar,Level 3,Guru0707,65.0,84.0,3250.0,840.0,4090.0
1,Siddharth Rupachandran,Pragadeesh,Level 3,Aquacharmingelephant,52.0,146.0,2600.0,1460.0,4060.0
306,Vaibhav,Venugopal,Level 4,VaibhavSenthilkumar,65.0,77.0,3250.0,770.0,4020.0
42,Dakshin,Subbu,Level 2C,CCCDakshin,20.0,299.0,1000.0,2990.0,3990.0
152,D.Sai Santhosh,Puviraj,Level 2C,Saisanthosh1708,31.0,226.0,1550.0,2260.0,3810.0
151,Achyuth Ram B,Sathyagiri,Level 2A,AchyuthRam26,53.0,114.0,2650.0,1140.0,3790.0
51,Subashri,Venugopal,Level 3,Subasri193,50.0,113.0,2500.0,1130.0,3630.0
211,Anshika,Pankaj,Level 2B,anshika2018,24.0,218.0,1200.0,2180.0,3380.0
265,Sachin Prakash,Ramana,Level 2A,sachinprakash,56.0,50.0,2800.0,500.0,3300.0
66,Senthil Kumar N,Subbu,Level 4,NSK1910,3.0,308.0,150.0,3080.0,3230.0
134,Hayagreev P,Puviraj,Level 2C,Hayagreevprasanna,45.0,92.0,2250.0,920.0,3170.0
91,Sanjay Srinivas,Yogram,Level 2B,CCCSanjay,41.0,100.0,2050.0,1000.0,3050.0
328,Shritik,Arun Kumar,Level 3,Shritikshv,38.0,113.0,1900.0,1130.0,3030.0
7,Avyan,Venugopal,Level 2C,Avyan160917,38.0,107.0,1900.0,1070.0,2970.0
163,Adya Harin .A,Yogram,Level 2B,Adyaharin,42.0,80.0,2100.0,800.0,2900.0
139,Smrithi,Naveen Kumar K,Level 2A,Smrithi_L,54.0,17.0,2700.0,170.0,2870.0
224,Venkatesh,Varun,Level 3,venkatesh64,0.0,272.0,0.0,2720.0,2720.0
24,Rochan Dhanasekur,Subbu,Level 4,rochank,0.0,266.0,0.0,2660.0,2660.0
29,Sai Shravan PM,Sathyagiri,Level 2B,SaiShravanpm,15.0,180.0,750.0,1800.0,2550.0
5,Saathvika,Pankaj,Level 2C,sathvi_charmgirl,15.0,166.0,750.0,1660.0,2410.0
188,A.LOGESHWARAN,Subbu,Level 3,LOGESH060395,14.0,157.0,700.0,1570.0,2270.0
52,Rudransh Kumar,Venugopal,Level 2B,rudranshkumar0611,27.0,89.0,1350.0,890.0,2240.0
156,Amit Kumar Vinay ,Bala Prashanth,Level 1,rudranshkumar0611,27.0,89.0,1350.0,890.0,2240.0
77,Shivam,Gowtham,Level 2C,CCCShivam,38.0,33.0,1900.0,330.0,2230.0
286,S  Sharvesh Prajin,Venugopal,Level 2C,sSharveshprajin,12.0,162.0,600.0,1620.0,2220.0
74,Joashpaul  P Antony ,Arun Kumar,Level 2C,Joashpaul,35.0,38.0,1750.0,380.0,2130.0
279,Kajish Raj A,Puviraj,Level 3,kajishraj,5.0,183.0,250.0,1830.0,2080.0
37,Valkari Prashanth Vikram,Venugopal,Level 2C,CCCPrashanth,33.0,41.0,1650.0,410.0,2060.0
219,Aleena,Gowtham,Level 2A,CCCAleena,32.0,44.0,1600.0,440.0,2040.0
310,A.R.Nishwanth,Dhithrabrata Kundu,Level 2A,Nishwanth_AR,36.0,20.0,1800.0,200.0,2000.0
26,Lakshini,Pankaj,Level 2B,LAKSHINI,1.0,182.0,50.0,1820.0,1870.0
161,Sai Vetri Selvan,Hari Krishnan,Level 2A,Saivetri2015,21.0,80.0,1050.0,800.0,1850.0
128,S.Ritish,Pragadeesh,Level 3,KQChessChampRitish,29.0,39.0,1450.0,390.0,1840.0
247,K.Darshan,Bala Prashanth,Level 2C,Darshan0703,27.0,41.0,1350.0,410.0,1760.0
287,Jeevan,Siddiq Akbar,Level 2A,jeevan14p,10.0,125.0,500.0,1250.0,1750.0
264,Vedh Gautham,Hari Krishnan,Level 2A,VedhGautham,17.0,89.0,850.0,890.0,1740.0
150,P.Kashwini,Sathyagiri,Level 2A,Kashwini_06,7.0,128.0,350.0,1280.0,1630.0
22,V.R.Ajay Krishnaa,Arun Kumar,Level 3,Ajay_Krishnaa,21.0,58.0,1050.0,580.0,1630.0
89,Yohaambigai,Venugopal,Level 2C,chessyohaa03,22.0,44.0,1100.0,440.0,1540.0
38,Lithisha,Venugopal,Level 2C,Lithisha_A,15.0,76.0,750.0,760.0,1510.0
174,Sarah Fayona,Yogram,Level 2B,CCCSarah123,14.0,80.0,700.0,800.0,1500.0
307,Ahil Alman,Venugopal,Level 3,CCCAhil,17.0,63.0,850.0,630.0,1480.0
207,Dishita Ranjan,Venugopal,Level 2C,DishitaRanjan01,16.0,66.0,800.0,660.0,1460.0
190,Aarush Vasan,Prasanna Kumar,Level 2A,AarushVasan,15.0,71.0,750.0,710.0,1460.0
86,Mohammed Rehaan,Subbu,Level 4,rehaan22,0.0,144.0,0.0,1440.0,1440.0
159,M.R.Meha,Sathyagiri,Level 5,Attacker2025,22.0,33.0,1100.0,330.0,1430.0
162,Dhiluushan H R ,Venugopal,Level 2C,dhiluushanhr,14.0,73.0,700.0,730.0,1430.0
3,Swarup Athith,Subbu,Level 4,swaroopathith,0.0,140.0,0.0,1400.0,1400.0
78,Prasenjit Ishwar Jambhale,Subbu,Level 4,Mybestfriendme,2.0,129.0,100.0,1290.0,1390.0
31,Mithin,Arun Kumar,Level 3,Mithin2017,19.0,43.0,950.0,430.0,1380.0
327,Rayanika,Varun,Level 2C,Rayanika,9.0,87.0,450.0,870.0,1320.0
30,Meiyappan R,Subbu,Level 4,noblitz-oblige,0.0,131.0,0.0,1310.0,1310.0
222,Darsh Vignesh,Gowtham,Level 2C,darshvignesh,10.0,81.0,500.0,810.0,1310.0
34,Ridhika,Pankaj,Level 2C,ridhika_s,0.0,128.0,0.0,1280.0,1280.0
36,Advik Baskaran,Rajkumar,Level 3,mailtoadvik,3.0,111.0,150.0,1110.0,1260.0
90,Prithvik Sanujan,Pankaj,Level 2C,prithvik_san,6.0,95.0,300.0,950.0,1250.0
6,Nishadiyaan,Subbu,Level 4,Nishad0906,9.0,79.0,450.0,790.0,1240.0
79,Vikrant Kumar,Venugopal,Level 2C,Vikranth_Vinodkumar,0.0,122.0,0.0,1220.0,1220.0
124,Tharun ,Venugopal,Level 3,Tharunm_2023,12.0,60.0,600.0,600.0,1200.0
75,Aromal,Pankaj,Level 2C,aromalrajan,12.0,59.0,600.0,590.0,1190.0
256,Mohanraj Karnan,Puviraj,Level 3,mohanraj_karnan,0.0,118.0,0.0,1180.0,1180.0
131,Saravana,Arun Kumar,Level 2C,Saro105,23.0,2.0,1150.0,20.0,1170.0
201,Shri Karthikeyan Varadhan,Pankaj,Level 2B,katfinland,0.0,117.0,0.0,1170.0,1170.0
272,M Maheswaran,Prasanna Kumar,Level 2A,Maheswaransolo,2.0,106.0,100.0,1060.0,1160.0
237,Athvik Srikanth,Yogram,Level 2B,athvik_srikanth,16.0,30.0,800.0,300.0,1100.0
172,Aksharav,Subbu,Level 4,Akshrav,5.0,82.0,250.0,820.0,1070.0
4,Devnath,Subbu,Level 4,evilchess_456,13.0,38.0,650.0,380.0,1030.0
313,Amalan Sriram,Venugopal,Level 3,Amalan11,8.0,62.0,400.0,620.0,1020.0
96,Aadhira.S ,Koushik Muthesh,Level 2B,Aadhirasanthosh,1.0,95.0,50.0,950.0,1000.0
274,Parth Gupta ,Achaya,Level 2A,Parth2032,9.0,54.0,450.0,540.0,990.0
103,Gokul,Johnclinton,Level 3,gokulmechalion,0.0,95.0,0.0,950.0,950.0
100,Saketh,Pankaj,Level 2C,kvsaketh,4.0,72.0,200.0,720.0,920.0
262,E. Ezhil Iniya,Hari Krishnan,Level 2A,iniyA13,8.0,52.0,400.0,520.0,920.0
319,T.Siddarth,Yogram,Level 2B,chroem123,1.0,86.0,50.0,860.0,910.0
99,Dandlamudi Siva Shriyaan,Puviraj,Level 2C,SivaShriyaan2016,2.0,76.0,100.0,760.0,860.0
2,Sahishnu,Pragadeesh,Level 3,sahishnudharshanag,6.0,54.0,300.0,540.0,840.0
258,Sriram Raja,Venugopal,Level 3,SriramRaja41456,0.0,84.0,0.0,840.0,840.0
209,Shashank,Sathyagiri,Level 4,Attackersk_27,15.0,9.0,750.0,90.0,840.0
157,Prajan Sai,Sathyagiri,Level 2A,prajansai,0.0,82.0,0.0,820.0,820.0
141,Pratiksha BG,Naveen Kumar K,Level 3,Prateekshabg,10.0,32.0,500.0,320.0,820.0
106,Sai Varun,Venugopal,Level 2C,SAIVARUN_D,0.0,82.0,0.0,820.0,820.0
39,Preet Patel,Arun Kumar,Level 3,Preet189,10.0,27.0,500.0,270.0,770.0
259,Sai Shanjhana,Pankaj,Level 2C,Shanju_2015,0.0,73.0,0.0,730.0,730.0
97,Samanvetha,Sathyagiri,Level 4,QueenGambitGirl,5.0,48.0,250.0,480.0,730.0
68,Sai Sukan,Johnclinton,Level 3,SAISUKAN,0.0,73.0,0.0,730.0,730.0
243,S.Pranav,Sathyagiri,Level 2A,Pranav_Sivabala,3.0,53.0,150.0,530.0,680.0
108,J.Harshiv,Yogram,Level 2B,J_Harshiv,7.0,30.0,350.0,300.0,650.0
334,Iniyan R,Yogram,Level 2C,INIYAN2020,6.0,35.0,300.0,350.0,650.0
226,Vrushabadev,Ramana,Level 2A,rishu_nambi,0.0,65.0,0.0,650.0,650.0
331,Advaith,Venugopal,Level 1,Adsgod02,0.0,63.0,0.0,630.0,630.0
194,Neyah Varun,Prasanna Kumar,Level 2A,Neyah_Varun,8.0,23.0,400.0,230.0,630.0
189,Gopalakrishnan,Subbu,Level 3,VGKRISHNAN2023,0.0,62.0,0.0,620.0,620.0
296,Avenash Ramesh,Subbu,Level 4,AvenashRamesh7,0.0,61.0,0.0,610.0,610.0
254,Guddeti Dev Krish,Hari Krishnan,Level 2A,Guddetidevkrish,6.0,30.0,300.0,300.0,600.0
55,Shrinika Lokeshwaran,Koushik Muthesh,Level 2C,CCC_ShrinikaLokesh,8.0,20.0,400.0,200.0,600.0
253,Shrijith Mahesh,Ashwin A,Level 2B,shrijiithmahesh,4.0,39.0,200.0,390.0,590.0
167,A.A.Tosika,Sathyagiri,Level 2A,AATOSIKA0101,0.0,57.0,0.0,570.0,570.0
266,Vasudev S,Pragadeesh,Level 3,Dev010813,0.0,56.0,0.0,560.0,560.0
81,Madhumitha,Yogram,Level 2B,Madhusab,4.0,36.0,200.0,360.0,560.0
317,Hariharasuthan N,Sathyagiri,Level 2B,hariharasuthann2014,1.0,49.0,50.0,490.0,540.0
21,Prasanna M,Subbu,Level 4,prasanna1735,0.0,54.0,0.0,540.0,540.0
277,Ashok Hariharan,Venugopal,Level 3,Ashokhariharan,5.0,29.0,250.0,290.0,540.0
130,Riya Pradeep,Puviraj,Level 3,riyarose,0.0,53.0,0.0,530.0,530.0
304,Jaisarvesh,Pankaj,Level 2B,Jaisarvesh1,1.0,47.0,50.0,470.0,520.0
48,Yehshikth,Kishore,Level 2B,Yehshikth,0.0,52.0,0.0,520.0,520.0
257,Aarriv Venkatesh ,Ashwin A,Level 2B,Aarriv,3.0,37.0,150.0,370.0,520.0
255,Krish Karthik,Achaya,Level 2A,Krish_Karthik,3.0,36.0,150.0,360.0,510.0
80,Mivaan,Pankaj,Level 2B,MivaanMaturi,0.0,51.0,0.0,510.0,510.0
61,Ashvika GV,Gowtham,Level 2C,Ashvikagv,1.0,45.0,50.0,450.0,500.0
168,Jaiharshaa Badrinarayanan,Sathyagiri,Level 2A,JAIHARSHAA,0.0,49.0,0.0,490.0,490.0
227,Aakash Agam,Subbu,Level 5,Aakash409,0.0,48.0,0.0,480.0,480.0
33,Aswin Bala,Subbu,Level 4,AswinBALA123,0.0,48.0,0.0,480.0,480.0
113,Neal Parwani,Gowtham,Level 2C,Neal_Parwani,1.0,43.0,50.0,430.0,480.0
195,Rajveer Sachindra Mahalle,Subbu,Level 4,CCCRajveer,0.0,48.0,0.0,480.0,480.0
198,Yushaan Mukherjee,Venugopal,Level 2C,Yushaan29,6.0,17.0,300.0,170.0,470.0
125,Vishwa dev,Koushik Muthesh,Level 2A,Vishwadev18,0.0,47.0,0.0,470.0,470.0
267, V.V.Mahanth,Hari Krishnan,Level 2A,Mahanth_V,2.0,36.0,100.0,360.0,460.0
200,Vishwajith Prabhu,Narendran,Level 2A,ccc_vishwajithprabhu,3.0,30.0,150.0,300.0,450.0
0,Hareshwar,Pragadeesh,Level 3,Hareshwar15R,7.0,8.0,350.0,80.0,430.0
234, S. Rishvik,Prasanna Kumar,Level 2A,rishvik2020,0.0,42.0,0.0,420.0,420.0
173,Mohanraj,Subbu,Level 3,Mohanrajkce13,0.0,41.0,0.0,410.0,410.0
280,Navya Sanklecha,Venugopal,Level 2C,Navyasaklecha,0.0,41.0,0.0,410.0,410.0
13,Shrishanth,Puviraj,Level 3,ShrishanthSai1,0.0,40.0,0.0,400.0,400.0
136,Advaith Balaji,Puviraj,Level 3,tournament_kiddo,0.0,38.0,0.0,380.0,380.0
192,R.A.NIVESH,Achaya,Level 2A,Nivesh03,0.0,38.0,0.0,380.0,380.0
73,IRENE .A,Arun Kumar,Level 2C,irene_amal,0.0,37.0,0.0,370.0,370.0
216,Sunidhi Gopal Kulkarni,Pranesh,Level 2B,DMCA_Sunidhi,0.0,36.0,0.0,360.0,360.0
289,Aarav P.H,Achaya,Level 2A,Aaravphheyrad,4.0,15.0,200.0,150.0,350.0
332,Aryan kamjula ,Bala Prashanth,Level 2C,Aryankkr,0.0,35.0,0.0,350.0,350.0
147,Sivesh Alluri,Pankaj,Level 3,siveshalluri1,0.0,35.0,0.0,350.0,350.0
35,Mithran J,Subbu,Level 4,Mithransabari,1.0,30.0,50.0,300.0,350.0
282,Sanchithbharathy ,Venugopal,Level 3,sunny2111,0.0,34.0,0.0,340.0,340.0
302,Navya Nagaraj,Gurukishore,Level 2A,ccc_Navya_853,3.0,18.0,150.0,180.0,330.0
208,Prajwal Dupati,Ashwin A,Level 2B,PrajwalDupati,0.0,33.0,0.0,330.0,330.0
324,Jishnuvatsan D,Arun Kumar,Level 3,djishnu,0.0,33.0,0.0,330.0,330.0
314,S. Shayan,Siddiq Akbar,Level 1,Shayan_S,0.0,33.0,0.0,330.0,330.0
57,Keerthana Sri. P.B,Shwetha,Level 2A,gpraveenkumarme,0.0,32.0,0.0,320.0,320.0
269,M Ajeesh,Johnclinton,Level 2A,ajessh2509,1.0,27.0,50.0,270.0,320.0
149,S.S.Harish,Sathyagiri,Level 2B,Harishdagoat,0.0,32.0,0.0,320.0,320.0
18,Sanjana,Bala Prashanth,Level 3,Sanjana_manikandan,0.0,32.0,0.0,320.0,320.0
137,V.Pavinnithish,Gowtham,Level 2C,Pavinnithish,2.0,21.0,100.0,210.0,310.0
181,G.Aadithya Yatintra,Achaya,Level 2A,yatintra0610,0.0,31.0,0.0,310.0,310.0
166,Pramod ,Johnclinton,Level 2C,pramoddharma,0.0,31.0,0.0,310.0,310.0
322,Vrishank,Sathyagiri,Level 2B,Vrishank0409,1.0,26.0,50.0,260.0,310.0
193,Tuvijat Radhish Sudha,Gowtham,Level 2C,TUVIJAT_RS,1.0,25.0,50.0,250.0,300.0
308,Saketram,Subbu,Level 2C,SaketramS,0.0,30.0,0.0,300.0,300.0
204,DS Prathyush ,Yogram,Level 2C,DsPrathyush21,2.0,20.0,100.0,200.0,300.0
202,Ria Evangeline,Johnclinton,Level 2C,RiaAntony,3.0,14.0,150.0,140.0,290.0
186,Sabarish,Subbu,Level 4,sabarish12,1.0,24.0,50.0,240.0,290.0
179,Tharun Shiva,Achaya,Level 2A,Tharun_16,1.0,22.0,50.0,220.0,270.0
44,Sounder Anish,Subbu,Level 4,SoundarAnish,0.0,27.0,0.0,270.0,270.0
11,Harshad Ravindran,Subbu,Level 4,HarshadRavindran10,1.0,22.0,50.0,220.0,270.0
261,R D Harsha Vardhini,Narendran,Level 2A,Harshavardhini09,0.0,26.0,0.0,260.0,260.0
225,A.S Rupashree,Subbu,Level 2A,Rupa18,0.0,26.0,0.0,260.0,260.0
199,Aaron Jacob ,Achaya,Level 2A,AaronJacob2016,0.0,25.0,0.0,250.0,250.0
12,S. Thanyaa,Subbu,Level 3,Thanyaa2023,0.0,25.0,0.0,250.0,250.0
83,Idhant,Narendran,Level 2B,idhantverma,0.0,24.0,0.0,240.0,240.0
337,Evelyn,Kishore,,Joannagifta29,0.0,23.0,0.0,230.0,230.0
119,A Sudhesan,Anandha Kumar,Level 2A,sudhesan001,0.0,23.0,0.0,230.0,230.0
145,Vehanth,Yogram,Level 2A,Vehanth,1.0,18.0,50.0,180.0,230.0
165,Ruthvic mohanraj,Koushik Muthesh,Level 2C,Ruth2017,0.0,23.0,0.0,230.0,230.0
160,M. Surjeev ,Bala Prashanth,Level 2C,Ember_Oklee,0.0,22.0,0.0,220.0,220.0
270,M. Sivaram,Johnclinton,Level 2A,sivaram2509,1.0,17.0,50.0,170.0,220.0
9,Harathika,Subbu,Level 2C,harathika,0.0,22.0,0.0,220.0,220.0
217,Jayakumar Shanmugam ,Puviraj,Level 3,Jayakumars,0.0,22.0,0.0,220.0,220.0
118,Arshitha.V,Subbu,Level 2A,Arshitha1129,0.0,21.0,0.0,210.0,210.0
43,Prasanna,Kishore,Level 2B,RookwarriorPrasanna,0.0,21.0,0.0,210.0,210.0
111,Jeffrin,Kishore,Level 4,JJealousy,0.0,21.0,0.0,210.0,210.0
214,SR Anjanai Priya,Kishore,Level 2B,anjanaipriya,0.0,20.0,0.0,200.0,200.0
94,K.Uthiraapathy,Gowtham,Level 2C,Uthiraapathy,0.0,20.0,0.0,200.0,200.0
187,RK.Aadhith Rudhran,Prasanna Kumar,Level 2A,AadhithRudhran,0.0,20.0,0.0,200.0,200.0
295,Shanchanasri,Subbu,Level 2C,Shanchanasriv22,0.0,20.0,0.0,200.0,200.0
203,Aradhya Guharoy,Achaya,Level 2A,Abhijitguharoy,0.0,20.0,0.0,200.0,200.0
120,Sri Pranesh V N,Ashwin A,Level 2B,Sripranesh,0.0,20.0,0.0,200.0,200.0
95,Syed Fayaz. K,Yogram,Level 2B,SyedFayazK,0.0,19.0,0.0,190.0,190.0
107,Keshika Sri,Yogram,Level 2B,rvkeshi_2330,0.0,19.0,0.0,190.0,190.0
14,Satvath,Puviraj,Level 2C,DSatvath,1.0,13.0,50.0,130.0,180.0
101,Sreenika,Subbu,Level 2A,Sreenikasai,0.0,18.0,0.0,180.0,180.0
176,Aravind V,Subbu,Level 3,AravindVelanandan,0.0,18.0,0.0,180.0,180.0
23,Atharv,Pankaj,Level 2B,chessatharv24,0.0,17.0,0.0,170.0,170.0
206, S.R.Harshanth Sanjeev,Achaya,Level 2A,Harshanth_2013,0.0,17.0,0.0,170.0,170.0
175,Arun kumar,Subbu,Level 4,garun09,0.0,17.0,0.0,170.0,170.0
138,Harishini Megha,Yogram,Level 2A,HarshiniMegha,0.0,17.0,0.0,170.0,170.0
67,Jeshua.J,Koushik Muthesh,Level 2C,JeshuaJebarson,0.0,16.0,0.0,160.0,160.0
210,Gokul Parthiba,Gurukishore,Level 2B,GokulParthiba,2.0,6.0,100.0,60.0,160.0
109,Tejeswini Balajee,Subbu,Level 2A,tejeswinib,2.0,6.0,100.0,60.0,160.0
263,Sourav Sreekanth,Hari Krishnan,Level 2A,SouravSreekanth,0.0,15.0,0.0,150.0,150.0
248,Mahira,Achaya,Level 2A,mahira_2430,0.0,15.0,0.0,150.0,150.0
117,Shivanya,Anandha Kumar,Level 2A,Shivanya02,0.0,15.0,0.0,150.0,150.0
213,SR Arulshri Mathibali,Kishore,Level 2B,arulshrimathibali,0.0,15.0,0.0,150.0,150.0
312,Keshav Velmurugan,Subbu New,Level 4,keshavvel,0.0,15.0,0.0,150.0,150.0
15,Tarun,Bala Prashanth,Level 3,tarunkumar-2013,3.0,0.0,150.0,0.0,150.0
122,R.Vishank Ram,Ashwin A,Level 2B,Vishank_Ram_CCC,0.0,15.0,0.0,150.0,150.0
53,Mughilan,Subbu,Level 2C,CCCMughilan,1.0,9.0,50.0,90.0,140.0
239,Archith Viswanath ,Subbu,Level 2C,Archith2310,0.0,14.0,0.0,140.0,140.0
85,Suriya Dev,Yogram,Level 2A,suryavenkat,0.0,14.0,0.0,140.0,140.0
320,Devdarshan Amarnath ,Ashwin A,Level 3,dev_17,0.0,14.0,0.0,140.0,140.0
40,Raghuveer,Subbu,Level 5,Raghuveer0218,1.0,9.0,50.0,90.0,140.0
231,Harish Veeramani,Kishore,Level 2B,HarishVeer,0.0,13.0,0.0,130.0,130.0
177,Ranjith Kumar R,Subbu,Level 5,Ranjith7423,0.0,12.0,0.0,120.0,120.0
292,Aarush Udayakumar ,Yogram,Level 2A,aarushuk30,0.0,12.0,0.0,120.0,120.0
20,Yashwanth S,Pankaj,Level 2B,CCCyashwanth,0.0,11.0,0.0,110.0,110.0
132,S.R.Sreeghan Ram,Narendran,Level 2A,sreeghan4chess,0.0,11.0,0.0,110.0,110.0
205, S.Pranav,Yogram,Level 2C,pranav-ssmanian81,0.0,11.0,0.0,110.0,110.0
182,Shanvi Silambarasan,Achaya,Level 2A,shanvi12chess,0.0,11.0,0.0,110.0,110.0
8,Ishan,Subbu,Level 2C,Ishaan-2015,1.0,6.0,50.0,60.0,110.0
305,Lekhaa.L ,Yogram,Level 2B,Lekhaa,0.0,10.0,0.0,100.0,100.0
60,Priam Anto,Yogram,Level 2C,PriamAnto,0.0,10.0,0.0,100.0,100.0
58,Praharsha R G,Ramana,Level 2A,CCCPraharsha,0.0,10.0,0.0,100.0,100.0
148,Samitha K. A. ,Narendran,Level 2A,samitha2025,0.0,9.0,0.0,90.0,90.0
65,Iniyan K,Shwetha,Level 2A,Iniyank,0.0,9.0,0.0,90.0,90.0
72,Kavinila,Koushik Muthesh,Level 2C,KavinilaSA,0.0,9.0,0.0,90.0,90.0
241,Roshan Mehta,Arun Kumar,Level 2C,M17Roshan,0.0,9.0,0.0,90.0,90.0
92,Adwaith. S,Gurukishore,Level 2A,Unnikutts,0.0,9.0,0.0,90.0,90.0
184,C.Ragland Rajapaul,Achaya,Level 2A,RaglandC,0.0,9.0,0.0,90.0,90.0
126,Thuraiya,Ramana,Level 2A,thuraiya64,0.0,9.0,0.0,90.0,90.0
290,Videsh Swaminathan ,Subbu New,Level 1,VideshS,0.0,9.0,0.0,90.0,90.0
10,Shravan Santosh,Subbu,Level 4,santhosh_kps_1981,0.0,8.0,0.0,80.0,80.0
88,VARUN S,Yogram,Level 2C,Varunrari2016,0.0,8.0,0.0,80.0,80.0
246,L.Saitaman,Bala Prashanth,Level 2A,ccc_Saitaman_662,1.0,3.0,50.0,30.0,80.0
50,Kriyan Metla,Subbu,Level 2C,kriyanmetla,1.0,3.0,50.0,30.0,80.0
235,Ishaan Kartik . S,Gurukishore,Level 2A,ishaanmar24,0.0,8.0,0.0,80.0,80.0
260,Jyothiraditya P Rao,Pankaj,Level 2B,Jyothir2015,0.0,8.0,0.0,80.0,80.0
70,Tharun,Koushik Muthesh,Level 2C,Tharunsai2017,0.0,8.0,0.0,80.0,80.0
71,Shreya Srihari,Arun Kumar,Level 2C,Shreya_srihari,0.0,8.0,0.0,80.0,80.0
87,Theo,Yogram,Level 2B,Ccctheo,0.0,8.0,0.0,80.0,80.0
220,Saravanan K C,Prasanna Kumar,Level 2A,kcsr271995,0.0,7.0,0.0,70.0,70.0
311,Harish Velmurugan,Subbu New,Level 4,harivel,0.0,7.0,0.0,70.0,70.0
283,Jervis L Kingstein ,Subbu New,Level 1,jervislkingstein,0.0,6.0,0.0,60.0,60.0
221,Vignesh K,Ram Natraj,Level 2B,vignesh_krishnakumar,0.0,5.0,0.0,50.0,50.0
46,Sathvik,Kishore,Level 2B,saty07,0.0,5.0,0.0,50.0,50.0
329,Ragavi S,Vishwa,Level 1,RagaviSivageethan,0.0,5.0,0.0,50.0,50.0
47,M.A Mohamed Aatiq,Yogram,Level 2C,MohamedAatiq,0.0,5.0,0.0,50.0,50.0
321,Sai Karthi.S,Sathyagiri,Level 2A,SaiKarthi2015,0.0,5.0,0.0,50.0,50.0
115, Sidharth Balamurugan,Yogram,Level 2B,Sidharth4u2u,0.0,5.0,0.0,50.0,50.0
233,Thashvanth,Siddiq Akbar,Level 1,Thashvanth_k,0.0,5.0,0.0,50.0,50.0
144,Vikranth ,Johnclinton,Level 2A,Vikranth-R,0.0,5.0,0.0,50.0,50.0
170,Nikhil,Bala Prashanth,Level 2A,Nikhiljp,0.0,4.0,0.0,40.0,40.0
17,Havisha S D,Bala Prashanth,Level 2B,Havishard,0.0,4.0,0.0,40.0,40.0
140,Anand M,Kishore,Level 4,anandkmr27,0.0,4.0,0.0,40.0,40.0
303,Harith.R.P,Siddiq Akbar,Level 1,Harith_0712,0.0,4.0,0.0,40.0,40.0
56,P.S.Lakshaan,Arun Kumar,Level 2A,PSlakshaan,0.0,4.0,0.0,40.0,40.0
123,PI.Ridhushini ,Anandha Kumar,Level 2A,Ridhushini,0.0,4.0,0.0,40.0,40.0
129,Dhruva Narayan,Narendran,Level 2A,DhruvaNarayan,0.0,4.0,0.0,40.0,40.0
288,Akilan S,Subbu New,Level 1,Akilan07,0.0,4.0,0.0,40.0,40.0
112,R Pavithra,Subbu,Level 3,pavithravi11,0.0,4.0,0.0,40.0,40.0
244,S.A.Tareka,Siddiq Akbar,Level 1,Tareka100115,0.0,4.0,0.0,40.0,40.0
275,A. Poojith,Siddiq Akbar,Level 1,A_Poojith,0.0,4.0,0.0,40.0,40.0
273, Sameeranbalaji,Prasanna Kumar,Level 2A,Savitar253,0.0,4.0,0.0,40.0,40.0
178,Keerthana Anand,Achaya,Level 2A,KeerthanaAnand,0.0,4.0,0.0,40.0,40.0
268,Darshil Thakkar,Gurukishore,Level 2A,Darshilkt,0.0,4.0,0.0,40.0,40.0
146,Varshika,Hari Krishnan,Level 2A,ccc_Varshika_483,0.0,3.0,0.0,30.0,30.0
325,Vaithiyanathan Muthukumar,Siddiq Akbar,Level 1,vaithi7,0.0,3.0,0.0,30.0,30.0
230, V.Athavan Karthik,Siddiq Akbar,Level 1,Athavan_Karthik_V,0.0,3.0,0.0,30.0,30.0
232,Ilankavin.B,Bala Prashanth,Level 2A,Kavin8899,0.0,3.0,0.0,30.0,30.0
245,L.Tharunsakthy ,Bala Prashanth,Level 2A,ccc_Tharunsakthy_661,0.0,3.0,0.0,30.0,30.0
76,Corin jasper,Kishore,Level 2B,Corin_Jasper,0.0,3.0,0.0,30.0,30.0
293,Nafisa Ishaq,Subbu New,Level 1,Nafisa_ishaq,0.0,3.0,0.0,30.0,30.0
215,G. Shastikaa,Narendran,Level 2A,ccc_Shastikaa_626,0.0,3.0,0.0,30.0,30.0
276,Trishva L. K,Ramana,Level 2A,Trishva,0.0,3.0,0.0,30.0,30.0
281,Srihan Madhankumar,Subbu New,Level 1,srihan_chess,0.0,3.0,0.0,30.0,30.0
285, Muhammad Ruzain,Subbu New,Level 1,Ruzain29,0.0,3.0,0.0,30.0,30.0
41,Harshil,Subbu,Level 4,Harshil_00,0.0,3.0,0.0,30.0,30.0
278,Rishvaa,Subbu New,Level 1,gullugullulala,0.0,2.0,0.0,20.0,20.0
171,Aanyaa,Venugopal,Level 2C,aanyaanaveen,0.0,2.0,0.0,20.0,20.0
153,Sahinya,Naveen Kumar K,Level 1,Sahinya,0.0,2.0,0.0,20.0,20.0
191,Dinakaran K,Subbu,Level 3,Dinakaran1808,0.0,1.0,0.0,10.0,10.0
180,Ayesha Savio,Ashwin A,Level 3,Zara_xoxo,0.0,1.0,0.0,10.0,10.0
228,T. Prakan,Gurukishore,Level 2A,prakantamilselvan,0.0,1.0,0.0,10.0,10.0
49,Pallav,Kishore,Level 2B,CCCPallav,0.0,1.0,0.0,10.0,10.0
284,Varsha Lakshman,Siddiq Akbar,Level 1,varshagod,0.0,1.0,0.0,10.0,10.0
242,Arjun.N,Ashwin A,Level 1,arjun_narayanan,0.0,1.0,0.0,10.0,10.0
19,Deepti Damodaran,Bala Prashanth,Level 2B,CCCDeepthi,,,,,
25,Aditya M,Subbu,Level 4,Aditya_The_OG,,,,,
27,Yuvan Jeyaraj,Yogram,Level 2B,CCCyuvan,,,,,
28,Aditya Narayanan,Subbu,Level 4,Amazingbros,,,,,
45,Johan,Kishore,Level 2B,johanipem,,,,,
62,Pradanya Thayalan,Ashwin A,Level 2B,Pradanya10,,,,,
63,Anushdhita,Venugopal,Level 2C,Rajapommaiyan,,,,,
64,Yatha,Gowtham,Level 2C,Yathachess1,,,,,
69,Iyan,Johnclinton,Level 2A,Iyan_CB,,,,,
84,Maheshwaran A,Subbu,Level 3,mahesharul,,,,,
98,Praneeth Nareshkanth,Yogram,Level 2B,Praneethnareshkanth,,,,,
104,M.Nethra Shree,Gurukishore,Level 2A,CccNethra,,,,,
105,Sarvashay Kumar Sahu,Subbu,Level 2A,SarvashayKumarSahu,,,,,
110,Sai Balan A,Bala Prashanth,Level 2C,SaiBalan0209,,,,,
114,Zidane Siyad,Bala Prashanth,Level 2A,MohammedZidaneSiyad,,,,,
116,H Arundakshin ,Ashwin A,Level 2A,arundakshin,,,,,
121,Nikit Vineeth Nathan ,Ashwin A,Level 2B,nikitnathan,,,,,
127,S Rathinavel Murugan ,Arun Kumar,Level 3,SRathinavelMurugan,,,,,
133,Sreejith,Subbu,Level 4,sreejithmuruga,,,,,
135,Kundan Mupalla,Bala Prashanth,Level 3,Kundan_chessy7,,,,,
142,Arjun Mandalam,Bala Prashanth,Level 2C,A2-Mandalam,,,,,
143,Anirudh Mandalam,Narendran,Level 2C,A1-Mandalam,,,,,
154,Palvit Ethamukkalam,Bala Prashanth,Level 2A,Pal160516,,,,,
155,Harshit ,Bala Prashanth,Level 3,harsithb,,,,,
158,Shravanthi B Pathey,Narendran,Level 2A,shravanthi8,,,,,
164,Shaam,Yogram,Level 2C,Shaamvijayganesh,,,,,
169,Jeevith K,Siddiq Akbar,Level 1,Jeevith13,,,,,
183,Satchit,Arun Kumar,Level 2C,imposter669,,,,,
185,S A PARAMASIVAN,Subbu,Level 5,sapsiva70,,,,,
196,Johit Ethamukkalam,Siddiq Akbar,Level 1,Johit,,,,,
197,Gavya Maharajan,Subbu,Level 3,GavyaMaharajan,,,,,
212,Shakshitha S,Nick,Level 1,Shakshitha26,,,,,
218,Kavin Yokesh M S,Gurukishore,Level 2A,Priyabalu,,,,,
223,Dhuriyan Abinayan,Gurukishore,Level 1,dhuriyan_28,,,,,
236,Dhivin,Subbu,Level 2A,Surya_Dhivin,,,,,
238,Magilan DK,Gurukishore,Level 1,magilan_dk,,,,,
240,P.Rakshitha,Siddiq Akbar,Level 1,P.18Rakshita,,,,,
249,Sastharachan.H,Ashwin A,Level 1,SASTHARACHAN,,,,,
250,Stefna Anish,Gurukishore,Level 1,ccc_StefnaAnish_639,,,,,
251,Shawn Merwin,Ashwin A,Level 1,shawnmerwin07,,,,,
271,Anish Raja.V,Gurukishore,Level 1,AnishRajaV,,,,,
291,Tanvi Keezhil,Dhithrabrata Kundu,Level 2A,tanvikeezhil,,,,,
294,Tanush Vimal,Dhithrabrata Kundu,Level 2A,tanush2711,,,,,
297,Sarfaraz Ahmed V,Dhithrabrata Kundu,Level 2A,SarfarazAhmed,,,,,
298,Kayal Chandran,Dhithrabrata Kundu,Level 2A,kayalchandran,,,,,
299,V. AARAV SEYON,Dhithrabrata Kundu,Level 2A,Aaravsyon123,,,,,
301,Adrish Annamalai,Dhithrabrata Kundu,Level 2A,AdrishAnnamalai,,,,,
315,Ushanthan Piravinth,Siddiq Akbar,Level 1,Piravinth2018,,,,,
316,Zach Singh,Kishore,Level 2A,Zach_Singh,,,,,
318,Advaith Vinoth,Yogram,Level 2B,Advaith2204,,,,,
323, Ch.Yathin Shreehas,Siddiq Akbar,Level 1,yathin2011,,,,,
326,SHIVASUBRAMANIYAN M B,Koushik Muthesh,Level 2C,Shivasubramaniyanmb,,,,,
330,K Aran,Arun Kumar,Level 1,ccc_Aran_909,,,,,
333,Swathmika.A,Varsha,Level 2A,Swath2017,,,,,
335,Gokula Monisha,Siddiq Akbar,Level 1,Monisha_G,,,,,
336,Mohith Thandu Giriraj ,Arun Kumar,Level 3,LudwigMozartChopin,,,,,
338,Anjana Matangi Kartik,Deepak Shankar,,donuts_anjana,,,,,
